car_id,target_class
P17494612l,gear_stick
N-1530212S,engine_overheat
B-1154399t,electro_bug
F12725233R,engine_check
l-1139189J,another_bug
U75286923j,engine_overheat
T-7479831o,engine_overheat
B-1369793u,engine_check
Y-1289786X,engine_overheat
C29045893T,engine_overheat
v-1730983R,electro_bug
I20727212Q,engine_check
p48812438h,engine_overheat
T-2633971l,engine_overheat
V-9683916q,engine_ignition
P68488505Z,engine_check
W23907639f,engine_overheat
A22674788w,engine_check
y-1252277z,gear_stick
u21168983D,engine_check
x12753662A,engine_check
v-7435255a,engine_overheat
E12421362P,engine_check
J35738918W,engine_overheat
T16973122B,engine_overheat
p-5671458M,electro_bug
I68086031c,engine_check
D69722395r,engine_fuel
X10967418c,engine_check
q-1489273f,engine_overheat
C-1903701S,engine_overheat
r11820515d,engine_overheat
x12397432S,engine_overheat
Q50389908q,engine_overheat
B18597537S,engine_overheat
S-9537522o,engine_overheat
a10623296X,engine_check
R28123139u,electro_bug
h-1451730v,engine_overheat
d-1257449w,engine_overheat
N11419190t,engine_check
k63904133P,electro_bug
J92413639E,engine_check
b-3875784F,engine_overheat
f15183722K,electro_bug
c-1874297z,gear_stick
E16971328N,engine_overheat
H18110876A,engine_check
P-1301418D,gear_stick
b-9697936F,engine_overheat
H-4258275m,engine_check
H10655858l,electro_bug
w-1481290E,engine_overheat
C40885722w,engine_check
f15625319Q,engine_check
B42019578p,engine_check
T65731704H,electro_bug
e30424190o,electro_bug
w-1081221i,engine_check
E48110445u,engine_check
u73256394H,engine_check
m17237645h,engine_check
q-1403429B,break_bug
E-1889080W,another_bug
b-1781291I,engine_overheat
P77959737c,engine_check
h17474551u,engine_check
d17705773B,engine_check
s-2080909j,engine_check
N18448941g,engine_overheat
P17953716g,gear_stick
i94781425U,engine_check
L-2155385D,engine_overheat
Q21449479D,engine_check
z-1790906x,engine_ignition
C-4338027c,electro_bug
F13621020y,engine_check
P-1981563m,gear_stick
B20284663C,engine_overheat
X-5672837D,electro_bug
f-8313064a,engine_check
S16867324D,engine_overheat
l81011564d,engine_overheat
T-7878324V,electro_bug
X49290901c,engine_check
N15373595s,engine_check
g-1912309G,engine_check
G23848056z,engine_check
w-3530598y,electro_bug
s-4092655x,engine_check
v60921451s,engine_check
A-5309696c,engine_overheat
a21437857o,electro_bug
r-2049651S,engine_overheat
c48174687o,electro_bug
n57986901A,engine_fuel
J43552505w,engine_check
X69815445k,engine_overheat
Y31463755z,engine_overheat
C-1846243L,engine_overheat
z10378875g,gear_stick
B-1843237q,engine_check
I-8201538D,engine_check
k-7853395L,engine_check
H-3154020d,engine_check
v11532085a,engine_overheat
o-1004837T,engine_check
E15850759P,engine_overheat
S11046237d,electro_bug
i19615927E,electro_bug
h24674210l,electro_bug
j-1003273K,engine_overheat
i18120580r,engine_check
t35781257E,engine_check
S-7977049s,engine_check
H10411834F,engine_overheat
o29701218V,electro_bug
E-1304820y,engine_overheat
V56226787D,electro_bug
I-9571675o,electro_bug
a-1832317K,break_bug
H-9271579x,another_bug
H15689477U,engine_check
J-8699353u,engine_overheat
S-6497022N,engine_overheat
g11521087z,engine_ignition
Q-1114187O,engine_check
a-1510716r,engine_overheat
G12673775u,engine_check
V-1604890W,engine_ignition
o-8858693p,gear_stick
F84870593a,engine_check
j17532274g,gear_stick
l-1283385g,engine_check
s-2062095H,engine_overheat
X13157100E,engine_check
h-2273764e,engine_overheat
B-2140476J,engine_check
p-8263041e,engine_overheat
Y-1681893d,electro_bug
w-1017091K,engine_overheat
M-1236720D,engine_check
I-7194770x,electro_bug
m13987388S,break_bug
w17315089Z,engine_overheat
f-1380237E,engine_overheat
P10499796W,engine_overheat
l-1844181l,engine_check
g13957568L,engine_overheat
R-5598576l,engine_overheat
n59321309Q,engine_overheat
R-1193631X,electro_bug
y-2178923H,engine_check
m73284992F,electro_bug
Z-2537370X,electro_bug
t17276860j,engine_overheat
y33047270r,engine_overheat
b-9079908N,engine_check
q92579907V,engine_overheat
Z94669875T,electro_bug
M86375856k,engine_check
c23067621B,engine_check
L-1838617u,engine_ignition
s-1063517N,engine_check
x-1172003m,engine_overheat
Q10654514V,engine_overheat
A-3425095J,engine_overheat
F-1854480x,engine_check
C-1953190j,electro_bug
l41267361i,engine_check
N90091958O,engine_overheat
z20306091J,engine_overheat
F94970727I,engine_overheat
M14830267a,engine_overheat
i-1101173g,engine_check
l-7821340d,electro_bug
I18827052n,electro_bug
Z14111948t,engine_overheat
T17415608q,engine_overheat
R-1068057n,engine_ignition
K-8915465U,electro_bug
f-2804472s,another_bug
v-1578970y,engine_overheat
Q14003835G,engine_check
W14646068A,engine_overheat
o-1593719v,electro_bug
C-4941408C,engine_overheat
x-9374675c,electro_bug
l12294446D,engine_overheat
p15777006h,engine_overheat
w-8656872Z,engine_overheat
D66928361D,engine_check
p-3553707D,engine_overheat
M10807027o,electro_bug
g12484323a,engine_check
Z-8212382G,electro_bug
u79013135M,engine_overheat
m28011734J,electro_bug
C-2143786U,engine_overheat
x-2141235A,engine_check
b44994738S,electro_bug
J44930122W,engine_overheat
g32852591N,break_bug
G85830221c,engine_ignition
D10434254T,engine_overheat
R-1143403S,electro_bug
N18887406C,engine_check
v14387491a,engine_check
a87403235S,engine_overheat
I-1075712g,another_bug
N-1087986g,engine_check
y-6871732c,engine_overheat
A96730234u,engine_overheat
a22064292L,engine_check
j-1774967Z,engine_overheat
T83338145S,electro_bug
i21617445N,engine_overheat
p-1641833m,engine_overheat
z14656246B,engine_check
G-1211626R,engine_overheat
X12788823V,engine_check
c-1552425b,engine_ignition
w-2122585e,electro_bug
x11964154C,engine_check
t20645918R,engine_check
z13283849d,electro_bug
h11730518w,engine_ignition
G19948827y,engine_check
r43274910O,engine_check
e-9096071i,another_bug
d-8576748Q,engine_check
z91796444U,electro_bug
F12654866z,engine_check
w-1757702F,electro_bug
b-1234099Q,electro_bug
v21855739r,engine_check
W-5904057t,engine_check
e-9386234g,engine_overheat
Q42074100L,engine_overheat
g-4536331j,engine_overheat
o65053979S,gear_stick
F-4400642b,engine_check
X-2198546w,engine_check
c11345351C,engine_check
M-4222158J,engine_check
t-8913790b,engine_check
h-1723876L,engine_check
b11565616J,engine_overheat
s-1143093p,engine_check
F-1742867J,another_bug
H-1333142D,electro_bug
h-2832462V,gear_stick
n46152009j,engine_overheat
A41423630m,engine_check
w23811317g,electro_bug
v-3129503S,engine_check
V-2109665o,engine_check
i10002840y,engine_check
A12420027c,engine_check
Q-1710310B,engine_check
k-5059454A,engine_check
P78941617w,engine_overheat
X84104929Z,engine_overheat
O-5258966R,engine_check
W23785130R,engine_check
k64987032M,engine_check
r-1560829H,engine_overheat
O-1114284b,engine_overheat
I-2189520Y,engine_overheat
z73740510r,engine_check
F-5963184s,electro_bug
F93749838u,engine_overheat
d13287541C,electro_bug
n12600427T,engine_overheat
R22962581A,engine_overheat
m14976299n,engine_ignition
K25148748I,engine_fuel
F17991047v,electro_bug
U10000525B,engine_ignition
L-5185142t,engine_overheat
E22476230A,engine_overheat
y-1918667p,engine_overheat
m-8421500s,electro_bug
i-6826693r,engine_fuel
Q-6236402F,engine_check
H13796940X,engine_check
b12824965u,engine_check
f25057132A,electro_bug
q12615606N,engine_check
N-2546914l,engine_check
A-9042233M,another_bug
b28088953J,engine_overheat
y12090800r,engine_check
m-3254742y,engine_overheat
T11166103f,engine_overheat
B-1904262o,another_bug
d-1638909M,another_bug
P20002659z,electro_bug
O21101068n,engine_check
I-2609382N,electro_bug
M18031243d,gear_stick
V81901707h,engine_check
H-1873611C,engine_overheat
I-4335350O,engine_overheat
a-6685201O,electro_bug
S68517794A,engine_overheat
a-5655175l,engine_check
v16259071w,engine_overheat
y21090823R,engine_check
V16991777n,engine_check
E-4001328d,gear_stick
o-3515102Q,engine_check
j49593847v,engine_overheat
m-1140624S,engine_overheat
I96780719P,engine_overheat
W16150857p,engine_overheat
p10336196A,engine_overheat
F-1966393f,engine_check
R-5073928i,engine_overheat
i-6078322g,engine_overheat
R-1797279a,engine_check
v-1632640v,engine_overheat
b44358202J,engine_check
v21606356V,engine_overheat
a89412563P,engine_check
C14874883N,engine_overheat
j-2557842j,engine_overheat
s-8312774q,electro_bug
Q83650998M,electro_bug
v-1742723N,engine_check
S15039720Y,engine_overheat
X-1387510G,engine_overheat
H-2809672w,engine_check
O16507727j,engine_check
I-6505525c,electro_bug
E16516360g,engine_check
r-3744124X,another_bug
E-1660926L,gear_stick
W41114899Y,engine_overheat
J-1224401g,engine_check
z-4990028V,engine_check
S17802902i,engine_overheat
r-5223681u,engine_fuel
y40186666v,electro_bug
X-7894537e,engine_overheat
n18141460t,electro_bug
T-1846242d,engine_check
l19641602B,engine_overheat
Q20350184W,engine_fuel
u19545404h,engine_overheat
i-2125059a,gear_stick
u20670898G,electro_bug
E13629887e,engine_overheat
j-8833751a,engine_overheat
l-1270744J,electro_bug
a-1444445A,engine_overheat
F13923646T,gear_stick
W15387724h,engine_overheat
e10833227Z,engine_fuel
O18707780M,engine_overheat
s-1070927u,engine_check
f13961290o,engine_ignition
I-2258340t,engine_overheat
Y-1108881y,engine_overheat
C-2407162B,engine_check
k-1021806U,engine_check
B58815481j,engine_overheat
Z-1497483y,engine_overheat
m-2038148P,engine_overheat
W20323505Z,engine_ignition
h18172982Y,engine_check
C-5107111N,engine_overheat
T11570167i,electro_bug
E-2189846g,engine_overheat
J-9051627R,electro_bug
k-1266231T,break_bug
e-4843883N,engine_check
V19603857b,engine_overheat
a10075304B,engine_overheat
j20806666W,engine_fuel
p13183205N,electro_bug
F-1408164F,engine_fuel
f16848135A,engine_check
m18276402k,engine_ignition
O-4852964p,engine_check
p-1032774f,engine_overheat
K-2141030h,engine_overheat
x33340734F,engine_overheat
A-5539031E,engine_overheat
K-2121488X,engine_check
S-2104296W,engine_overheat
V-4730687q,electro_bug
m-1018494E,break_bug
f12953922O,engine_overheat
a15606967c,engine_overheat
T-2050577H,engine_check
l21058873t,electro_bug
S54991647N,engine_overheat
O-1778305H,engine_check
r-9019459m,engine_check
J-1701327Z,engine_check
W-1085488J,engine_check
H29930196K,electro_bug
t17442755k,break_bug
N16782443w,electro_bug
G83616598P,engine_check
q-7529997V,engine_overheat
m-2601611a,engine_check
r69432919t,engine_check
J85546174E,engine_overheat
F-1506247r,engine_overheat
Y21723655j,engine_check
Q15261602W,engine_overheat
M11261740O,electro_bug
K50534665N,engine_check
Y-1015822T,engine_overheat
z-9596926C,engine_overheat
T-8671431r,engine_check
R-2077630y,engine_check
I96387228J,engine_overheat
z-9815533M,electro_bug
I15837837J,engine_check
P56763603O,electro_bug
h-1396839K,another_bug
r-1477676H,engine_ignition
U42030492Z,engine_check
h64108495H,engine_overheat
l-8882948y,electro_bug
n-8099641m,gear_stick
f-1164209J,another_bug
g-2072833K,engine_overheat
R10631147V,electro_bug
d-1627526q,electro_bug
k-2116384m,electro_bug
y12532736D,engine_check
S18268647a,electro_bug
D-1193769d,electro_bug
z49508882q,engine_check
l13511253d,electro_bug
y11003726G,electro_bug
S55044905B,engine_check
q-1419523q,engine_overheat
i12167734p,engine_overheat
n18966581A,engine_check
s-2225812u,engine_overheat
g99706283N,engine_overheat
k-8065294L,break_bug
D-3731198o,electro_bug
R-1511509a,gear_stick
W-1152410B,another_bug
A-6746020J,engine_check
i62564137B,engine_overheat
V81342356X,gear_stick
m70884293y,engine_fuel
T-1440241N,electro_bug
J16760665u,engine_overheat
B30016393c,gear_stick
n10206436k,engine_check
y15691728a,electro_bug
j-1923026R,electro_bug
p-2070685P,electro_bug
e22835001P,electro_bug
f-2044867Y,engine_check
Q-1914888q,engine_overheat
h-2696405T,electro_bug
G-1153171e,engine_check
n-1502387M,engine_overheat
y40441306G,engine_check
B22246797F,engine_overheat
s14991094w,electro_bug
a-1190397Y,engine_overheat
i11542071C,engine_check
l-2588047U,engine_overheat
Q16201384v,engine_check
w-7781882Z,break_bug
s77766899D,electro_bug
z-1503313M,engine_check
l52568818B,electro_bug
v-1508530W,break_bug
m13083528W,engine_overheat
z-1243195L,gear_stick
b18857695O,electro_bug
v-1905656K,electro_bug
P-6659279q,engine_check
h13431746I,gear_stick
I71388786G,engine_check
R-1701492N,engine_overheat
y78999678J,engine_fuel
a-1426275y,engine_overheat
L84463953R,engine_fuel
Z-2128621C,engine_check
M18466047W,engine_overheat
g21645452f,engine_check
o-1663812b,engine_overheat
Q-1984603t,electro_bug
q23501901h,electro_bug
d-5544396q,engine_overheat
s-7084701f,engine_overheat
g10084745U,engine_overheat
D-9891385q,engine_overheat
D11776354f,engine_overheat
B18579200J,engine_check
X73810314E,gear_stick
s-2223156w,engine_overheat
D82568273x,engine_check
k-1107234s,engine_overheat
T-1805505r,engine_overheat
u-5015974t,engine_check
t-8201245H,engine_check
X24084222O,gear_stick
K-1916013Q,electro_bug
J10576054I,electro_bug
g21476323Y,engine_overheat
J22595982W,electro_bug
d15745111A,engine_check
V20296571Z,engine_check
t78589983m,engine_fuel
R-6055154h,gear_stick
o-5397363T,gear_stick
y-1784222v,engine_overheat
S-1513382W,engine_check
g-5563252F,electro_bug
a-1166334r,engine_check
Y21096922W,engine_check
s10535398K,electro_bug
Z-5188222t,engine_check
T22900577z,engine_overheat
i10344980A,engine_check
X-2263190K,engine_check
a-2111343W,engine_fuel
k-1183222H,engine_check
x42906942Y,electro_bug
m16863308b,engine_check
Z10247738u,engine_overheat
i12798082E,engine_overheat
C91514695x,electro_bug
h61870657i,electro_bug
C-8768079q,another_bug
O-7894514e,engine_overheat
Z-1926882U,break_bug
N-3121550V,engine_check
z-1254537O,engine_check
u-1514787e,electro_bug
n-4360079R,engine_overheat
O-2113046Z,engine_overheat
d13819532H,gear_stick
d54261887d,electro_bug
P-2048739B,gear_stick
f-1825133R,break_bug
q-9928373B,break_bug
S29542128Q,engine_check
J-1782910O,electro_bug
t17410389g,engine_overheat
Z17995139Z,engine_fuel
Z11671085y,engine_overheat
D-7723622B,engine_ignition
N-1539010p,engine_overheat
u54154743P,engine_check
j16845365O,engine_overheat
k-1171716I,electro_bug
G81601770L,engine_check
K-3529763Q,engine_check
b-1404013d,gear_stick
O-1398534Y,another_bug
l69679835h,electro_bug
G14568186a,engine_overheat
a-9442555A,engine_check
G-1689492g,engine_overheat
W12690163c,engine_check
l17843143j,engine_check
Z76981204Y,engine_check
b16524531u,engine_check
P83526152o,engine_overheat
z-4612131R,engine_overheat
s50463458T,engine_check
u12928592s,engine_check
U-1897169L,electro_bug
j-1549044A,another_bug
Q87875664U,engine_check
q13885185m,engine_check
C16715520C,engine_overheat
T-1727751h,engine_check
m27082215N,electro_bug
e-8788520s,engine_overheat
v36899226P,engine_overheat
Y-2254716H,another_bug
D-3425990U,engine_check
b-1050475p,engine_check
w-1941558Q,engine_overheat
d-1134540I,engine_overheat
K30520180u,engine_overheat
q71640430n,engine_overheat
y10948537e,engine_overheat
a16152476X,engine_overheat
F-7462902B,engine_overheat
t-3967937s,another_bug
o-1118236T,engine_overheat
g-1760425A,engine_fuel
b-5227653R,engine_overheat
h-7408890w,another_bug
K70391511e,engine_overheat
V13438854p,engine_check
g-1740147b,electro_bug
J-1324072f,engine_overheat
g53382924v,engine_fuel
x33005281c,engine_check
e24148786o,engine_overheat
I-1503695V,engine_overheat
E58388206y,electro_bug
y13484815Y,engine_overheat
R-2027359R,another_bug
Z17729553x,engine_check
H-1512213s,engine_overheat
V-1552956h,break_bug
H15345413o,engine_overheat
w17370680J,engine_overheat
J15476551r,engine_check
c-2250495g,electro_bug
Z17599412A,engine_overheat
v57643253w,engine_overheat
V-5494479D,another_bug
g-1126074r,engine_check
Z80579540o,engine_check
c-7272329q,electro_bug
z21450941n,gear_stick
k-2034944s,electro_bug
B-1760099A,engine_overheat
a61936474Y,engine_overheat
k86159975d,electro_bug
A10692422a,engine_overheat
r11362699a,engine_overheat
B-5479705C,engine_check
I98930031r,engine_overheat
Z-1084098i,engine_overheat
b55045663j,engine_overheat
h10096493s,engine_check
n13675758u,engine_overheat
v-1469151Y,another_bug
R21100020a,electro_bug
H-1226800z,engine_overheat
l13980749p,electro_bug
D-1518430R,break_bug
h13825532e,engine_check
Q18803510e,engine_overheat
w69467024a,gear_stick
a16149566K,electro_bug
R10923215L,engine_overheat
H15481815Q,engine_check
C-5040526N,engine_check
m-2182440Q,electro_bug
P-4006382C,gear_stick
Y-2235574M,engine_overheat
H-1070903M,engine_check
w16163650F,engine_overheat
I21674635Q,engine_check
Q-4587219M,electro_bug
N10540578u,electro_bug
w-9916167W,electro_bug
g-1742741c,engine_check
n-1575803E,engine_overheat
N31059484x,engine_overheat
H-1342764P,engine_overheat
X58767632q,engine_overheat
S20355997J,engine_check
q30806358i,electro_bug
W-1775855Q,engine_overheat
j92079780S,electro_bug
f63189062N,engine_check
x-1205366S,gear_stick
H-1902314v,gear_stick
f10226409O,engine_check
Q-4235244W,engine_overheat
P-1715787u,engine_check
x-1532496K,engine_overheat
s-1076835x,break_bug
m76785981z,electro_bug
u-3215458S,electro_bug
H-1919071i,break_bug
p-1139197T,gear_stick
R95310344Y,engine_overheat
e22646530u,electro_bug
o49311084b,gear_stick
x99598782E,engine_check
Q-8465743r,gear_stick
K13600113i,electro_bug
x55379265k,engine_check
F-1518753o,engine_check
e-2020384H,engine_check
n-4605215n,break_bug
q-4584627S,engine_overheat
O78712164p,engine_check
j-1598707G,engine_check
d-1282472g,engine_check
h-2287342p,engine_check
s-7266626x,engine_check
z-2843006O,engine_check
m21557315K,engine_overheat
j18870600U,engine_check
H-7836096t,engine_check
k19151173f,engine_overheat
g-1280182Z,engine_check
d-6211776r,engine_overheat
u-1590555V,engine_overheat
c-1204255L,electro_bug
f-8810014g,engine_check
S11009197l,engine_check
g-2087791I,engine_overheat
V12754137r,engine_check
T-1769393Z,break_bug
I-1117298r,engine_check
P90790412Q,engine_check
c-7401486X,engine_overheat
A21009715v,engine_overheat
P94512494l,electro_bug
J58385372M,engine_check
z11059333N,engine_overheat
r13675823Y,electro_bug
O23192334Z,engine_overheat
h72663703o,gear_stick
u39852752H,electro_bug
y75359172F,electro_bug
C63413357V,engine_check
H-2218041i,electro_bug
S12392431C,engine_overheat
c10273234z,engine_overheat
J-1675931Y,engine_check
r15326588O,electro_bug
O22786315O,engine_overheat
M14034762V,engine_overheat
d-8796835F,engine_overheat
L-1687146I,engine_overheat
a16452738i,engine_overheat
e-1589877h,electro_bug
w-2228220D,engine_overheat
v73920097R,engine_overheat
B10305712m,engine_check
w17382345v,electro_bug
h86663077a,engine_overheat
d-1261412O,engine_overheat
N-3542587r,electro_bug
q-1127410X,engine_ignition
m-1248909g,engine_check
Z-1350437Z,engine_overheat
G-7472388v,engine_check
K18306053r,engine_check
t-1389922J,engine_check
w13418612e,engine_overheat
d11818528X,engine_check
v-4393931r,engine_overheat
a15124892o,engine_check
l36861534V,engine_check
P21146775A,engine_check
B-8559176x,engine_check
s-1233979x,gear_stick
N50018445X,engine_fuel
E-4220998I,engine_overheat
D28621238x,engine_overheat
r35592741h,engine_overheat
S-2179649Y,engine_check
H-1135423y,engine_check
J97849965O,engine_overheat
W21048865S,electro_bug
P10539613v,engine_fuel
r-6268123s,engine_check
A19893808P,electro_bug
c12458019K,gear_stick
r16624906R,engine_overheat
s-1701601T,electro_bug
l-2073691v,engine_overheat
s-1227750Q,engine_overheat
n-1588210t,engine_check
L-1950271Y,engine_check
L45819441T,engine_fuel
X-1102199i,engine_fuel
Y42307620l,engine_overheat
c11493622d,engine_overheat
s74743326E,engine_check
v92032706J,engine_check
l40017744S,engine_check
F-1561156R,gear_stick
F-3458483b,another_bug
Q-1573004E,engine_check
I18762244f,electro_bug
x61993910W,engine_check
f70384121H,electro_bug
b34607341j,engine_overheat
s-1544537d,engine_check
T-2651777L,engine_check
Z-1690934p,engine_overheat
z-1383208d,engine_check
F-2091675H,electro_bug
p-1026598C,engine_overheat
C-5229733d,engine_check
t-5863497D,gear_stick
F14893199L,engine_overheat
E-9761828K,engine_fuel
r-3626163O,gear_stick
D-1975819d,electro_bug
n86645963R,engine_check
I-6482386t,break_bug
z11959313t,engine_overheat
d19312186N,engine_overheat
C11156821F,engine_overheat
z19283639B,engine_check
D-1246382Y,electro_bug
D14445025c,engine_overheat
j25666218Y,engine_overheat
E13352088w,electro_bug
v44596260Q,engine_check
c13976633o,engine_overheat
z16908407t,engine_check
P15083043i,engine_check
p-7727399o,engine_check
W-8604738y,engine_overheat
J22352968u,electro_bug
G-7187279a,engine_ignition
G-1183057B,engine_check
E-1556800P,engine_ignition
N16753727A,engine_fuel
U-1860241R,electro_bug
f92515288W,engine_check
q-1553054h,electro_bug
d-1766392g,electro_bug
z-9268730t,engine_check
D-1137759f,engine_check
Z22301798u,engine_check
d-2160500k,engine_check
f80644426f,electro_bug
u-1069219e,engine_check
V70870192k,engine_ignition
M15122410M,electro_bug
F19935095V,engine_overheat
m92437987f,engine_check
o-1720442f,engine_overheat
Q-2043032T,engine_ignition
k15728070F,engine_overheat
i-4298300y,engine_ignition
C-1549576C,engine_check
w-8322851c,engine_check
H-2195683Y,engine_check
b20675115I,engine_check
w14143210k,electro_bug
s17437438h,engine_overheat
Q12901548n,electro_bug
I23394317X,electro_bug
S10630331i,engine_overheat
N15239751A,engine_overheat
t11482362Y,engine_check
c-1160907G,engine_overheat
t17520024W,engine_overheat
G16918724z,electro_bug
T-5518367u,engine_fuel
K-2047259i,electro_bug
e-2894582l,engine_check
u-6774973B,engine_overheat
U-1642617V,electro_bug
Z19453799u,engine_check
V80070476Q,engine_check
L-1777501Y,engine_check
M-3275863u,engine_check
D-1131723O,engine_overheat
s12292138c,engine_check
d-2073713s,electro_bug
U-1440005A,engine_overheat
D17587481H,engine_check
O-2089662s,engine_overheat
l-1247871G,break_bug
Q48397067x,gear_stick
G18135304s,engine_overheat
s52741082h,engine_check
R37055375H,engine_fuel
t-1505206e,engine_overheat
m-7073285w,electro_bug
e-1963742G,engine_check
R41701461o,engine_overheat
P-1572930P,engine_check
m19821763X,engine_overheat
D-5247175p,another_bug
I-4491426o,engine_check
c-5796367L,electro_bug
D68676642F,engine_check
B87840170Y,engine_overheat
E-1074824O,engine_check
L-2105285X,engine_check
A18722372t,engine_overheat
t-1655791x,engine_fuel
R26898137t,engine_check
x73165245L,engine_check
H10144433Z,engine_overheat
o-9460824A,engine_check
h-4056890V,engine_check
S71464104w,engine_ignition
Q-3414660J,engine_check
D24219627Y,engine_check
g-5564720R,engine_overheat
g-5327257o,engine_overheat
z16965935R,engine_fuel
W-5886969z,engine_check
Y61608416T,engine_overheat
H-5193657t,engine_check
r14798824O,engine_check
q-1329704C,electro_bug
W-1162613s,break_bug
q-1451412w,gear_stick
s10825773A,engine_overheat
W-1322764B,engine_check
C-1335407d,engine_check
Q-1854633d,engine_overheat
j12033464t,electro_bug
x-1653730E,electro_bug
L-1459492G,engine_overheat
A18622071d,electro_bug
G12921056E,break_bug
M17587699m,engine_check
H11201074S,engine_overheat
g61901962A,engine_check
W-3006427Z,engine_check
f21354327c,gear_stick
L-1435343R,engine_overheat
K-9089430v,engine_overheat
u89834900L,engine_overheat
K-6843993d,engine_check
g19283665q,engine_overheat
V21055732W,engine_check
L20847256I,electro_bug
K20941520F,engine_overheat
s-1506268E,electro_bug
s13306845G,engine_ignition
t14118502r,engine_check
l-1141377S,electro_bug
M63300651V,engine_overheat
O-1741687v,engine_fuel
J-1064181u,engine_check
R-2596313V,engine_overheat
i-1845254S,engine_check
k-1573458g,engine_check
Q-7165920T,engine_check
K-7253573V,engine_check
u-2045579o,another_bug
o-7174642t,engine_check
W38257448E,engine_overheat
R15758843A,engine_check
j-1164533d,engine_overheat
K19878738u,engine_fuel
F-1356357a,engine_overheat
s18773736B,engine_check
f-2195380L,engine_check
I16894729d,engine_overheat
x73377373J,engine_overheat
A13983367R,engine_fuel
W90386436H,engine_ignition
d-1208731e,electro_bug
E10689597V,engine_check
e18535481H,engine_check
C-1401160X,engine_check
D-8642892Q,engine_overheat
y-9607515v,engine_overheat
R39433396K,engine_check
o14616394R,engine_overheat
r21184266q,engine_check
f21015538f,engine_check
j18832518Q,engine_overheat
m73046504n,engine_overheat
B-9791729R,engine_overheat
k13021113b,electro_bug
G89078774t,electro_bug
r-1060256J,engine_check
F-1410401k,engine_check
S12437589H,engine_overheat
o-1474795Y,engine_fuel
v-6600194g,another_bug
e69316734g,engine_check
F14045081A,engine_check
p-2049920L,engine_check
Z-4995244V,another_bug
Q28342682U,engine_overheat
i20932780E,electro_bug
T-3474422m,engine_overheat
A-2251370Z,engine_check
a13118905A,electro_bug
o-5518912i,electro_bug
r13112137S,engine_overheat
L-1172603K,engine_overheat
F15323913w,engine_check
b41466140L,gear_stick
H-1126826u,engine_overheat
S80787227y,electro_bug
g62902770K,break_bug
c21339742C,engine_ignition
o-8291576Q,engine_overheat
A16177147F,engine_overheat
V-7911017W,engine_check
I12484436u,electro_bug
u-2985309w,engine_overheat
i-7675958l,engine_check
Z-2003336X,engine_check
R17548053Q,engine_check
T-3625019V,electro_bug
G58798171H,gear_stick
X14239142s,engine_check
W-1663352r,engine_overheat
R10053414j,break_bug
E11344405c,engine_check
E41968356d,break_bug
n-1774226C,engine_check
v50135109z,engine_check
v-2502243y,engine_overheat
k81607148Q,engine_check
y-1159389K,engine_overheat
Z-9551096Z,engine_check
z73398830W,engine_check
S-2180379V,engine_check
Y19585916c,engine_overheat
F-1772949E,engine_fuel
N-4056140F,electro_bug
M20457206h,engine_overheat
f-2054559Z,engine_overheat
C-1947908i,engine_check
Z-1004053E,engine_overheat
E16706596Y,electro_bug
L-1236498L,engine_overheat
M21428480q,engine_overheat
g34212838O,engine_check
i77678921h,engine_check
s-1993335Q,engine_overheat
w-1217800P,break_bug
m-4445026W,electro_bug
w-1020644b,electro_bug
r-1878207s,electro_bug
S-2803516o,engine_overheat
g31689700a,engine_check
L-3828198a,electro_bug
p-2023967W,engine_overheat
R93384932a,electro_bug
o27482006r,engine_overheat
o69465373z,engine_check
x-2214584G,electro_bug
F16677411t,engine_check
B-8278342d,electro_bug
w14795716n,engine_overheat
q21418139n,engine_overheat
k58875945X,engine_overheat
E10178721V,electro_bug
y54427123h,electro_bug
N-1116467g,gear_stick
L-1098436W,another_bug
K15170901N,engine_overheat
y-1741356P,engine_overheat
z-4349749h,gear_stick
y-6566782r,electro_bug
T-1729770o,engine_fuel
V-8483576f,engine_overheat
a39440404D,engine_overheat
i51467047f,engine_overheat
H-1369852D,engine_overheat
M-9668613M,engine_overheat
q-1575533Y,engine_check
F-2122411I,electro_bug
c-2121060b,gear_stick
H22186863I,engine_overheat
d68073068W,engine_overheat
D-7066589I,electro_bug
o11670334e,engine_check
G-1501141U,engine_check
x-6577654c,engine_overheat
i22784686n,engine_check
Q36627447o,engine_check
a-2079734V,engine_overheat
P17112537M,engine_overheat
I-2947258i,engine_overheat
d-7058280z,engine_overheat
V-6734711I,engine_overheat
x16070571D,engine_check
A99628604w,engine_check
c-3559292Z,engine_overheat
D-1642232Y,engine_overheat
H-2177827U,engine_check
t43860654e,engine_overheat
O-2567044a,gear_stick
y-1456481W,electro_bug
F-1311521c,electro_bug
W-1338521Q,another_bug
S21521405j,engine_ignition
j-9167677u,engine_check
E22045798o,engine_check
i15589390k,engine_overheat
l15227760Q,engine_overheat
h-6100646F,electro_bug
L-2071083z,engine_overheat
Q-1583701a,engine_overheat
J-1966936j,engine_check
p97277001v,engine_overheat
A-1959167m,engine_ignition
b-1232634R,electro_bug
C14499779J,engine_overheat
A-1900042l,engine_overheat
D47614465T,engine_ignition
i55328849i,engine_check
L14501903b,engine_ignition
U61603538T,engine_check
Z-2000448T,electro_bug
V21733186R,engine_overheat
x38176093d,engine_overheat
S-1872523D,engine_overheat
U-9105241l,engine_overheat
d-1067020V,engine_check
T13652201h,engine_overheat
v83124010d,engine_check
c-5320374q,electro_bug
P-5877829p,engine_fuel
K-4097683X,engine_check
X73607704q,engine_overheat
d-1645612W,engine_check
M-1949772G,engine_check
d-9809366C,electro_bug
v-9133799l,gear_stick
j16496771g,gear_stick
p98074932P,engine_check
G-1685085q,electro_bug
L-1156474z,engine_overheat
n-7286817N,another_bug
G17139758L,engine_overheat
M-4377864u,break_bug
u10884582m,engine_overheat
c-1819930r,engine_overheat
I-1016418u,gear_stick
f-8509753a,engine_overheat
f10270915c,electro_bug
I50788104J,engine_overheat
m-1618295c,engine_fuel
Q11656086H,engine_ignition
b17685766M,electro_bug
n19528133d,engine_overheat
I-2222955D,engine_check
U14909638n,engine_overheat
P19518709T,engine_overheat
V-1888434u,engine_overheat
R53321573r,electro_bug
U12552466o,engine_overheat
m21172670I,engine_check
d71004474f,engine_fuel
n-6003131B,engine_overheat
w45505269O,engine_check
v22456431E,engine_check
D20302252H,engine_check
E-1789284H,engine_check
F21755120L,engine_overheat
y-2096513h,engine_check
X38064587K,engine_overheat
j36860430F,engine_check
M-1188559U,another_bug
M-1057522s,engine_check
r-1767573M,another_bug
N-2165696F,electro_bug
l-9002229j,engine_overheat
Q13796033u,electro_bug
E20487110v,electro_bug
U54007251T,gear_stick
k-1001578G,engine_check
m-1316228Q,engine_check
x38424933t,electro_bug
z42577454j,engine_overheat
h15726678G,engine_check
J-2100035F,electro_bug
u12997600r,electro_bug
G-1444514J,electro_bug
r80685540h,electro_bug
i-2886682y,gear_stick
U12958604d,engine_overheat
Q-2285147y,electro_bug
d-5980296U,engine_overheat
r-5694899j,another_bug
y-3995748C,engine_overheat
H-1417790G,electro_bug
h66072023A,electro_bug
m-8844106y,electro_bug
V-3922506p,electro_bug
P-7215920v,engine_check
v-1334609Q,engine_check
y-2901647k,engine_overheat
P41449662O,engine_overheat
N17048798L,electro_bug
o-3239309x,engine_check
f-4517248O,electro_bug
i20236215k,engine_overheat
c-1909821W,engine_overheat
S-1058341S,engine_check
Q27397166k,engine_overheat
m-2234361C,gear_stick
y-1310937L,engine_check
h11115340f,engine_check
C-2095125S,engine_overheat
H-1012725h,engine_fuel
A-5953942h,engine_check
b-5677746H,engine_check
b-2174248s,break_bug
J-1468143m,engine_ignition
d-1590616X,engine_ignition
A-2010794j,break_bug
S10025512H,engine_overheat
F62717656N,engine_overheat
Q-9015964Z,electro_bug
e60616052a,engine_overheat
O-1094429s,engine_check
G-3730407g,engine_check
W17258092O,engine_check
Z-8046890f,gear_stick
C-1531638p,engine_overheat
b16129006F,engine_ignition
O20309077v,engine_check
G-1150322W,engine_overheat
v-1523714V,another_bug
m41491349u,engine_overheat
N-2592617I,engine_overheat
b15147844G,electro_bug
J-1119809Z,engine_check
x13343580w,electro_bug
R88463379h,engine_check
w-5790710u,another_bug
w20420004F,engine_check
J-9110297t,gear_stick
E15110775p,engine_overheat
j-8044553g,engine_overheat
F16044963S,engine_check
R91630921n,engine_check
A-3836077o,engine_check
s-2202835E,engine_check
O-2222377Z,engine_overheat
s22484554J,engine_check
D88984934M,engine_check
X19668940Y,engine_overheat
D-1808806N,another_bug
j18586699W,engine_overheat
H69080088J,engine_fuel
n12252517h,engine_check
i-1711813H,engine_check
S10721675C,engine_overheat
X-2170601O,engine_check
i97387429H,engine_check
d22008645E,engine_check
n-3455333h,engine_check
B23739608U,electro_bug
F-4198459W,engine_check
B-4284440k,electro_bug
G-6904316x,electro_bug
N-1095600Q,engine_check
D-1029823M,engine_check
d88026009F,engine_check
P-1279354K,engine_check
S-2221955m,gear_stick
U-2195930Q,engine_overheat
L-1748371J,engine_overheat
C-1092574s,engine_overheat
x78336615j,electro_bug
d22823530e,engine_overheat
f-5599112Q,engine_check
w12601279c,engine_overheat
O12999011Q,engine_check
D39654489v,engine_check
G-1119002U,another_bug
x-1331259n,another_bug
x-1366202T,engine_check
e22337672e,engine_overheat
h11974580h,electro_bug
b-1924728p,break_bug
t-8150753L,electro_bug
i16707497b,engine_fuel
d40778348c,engine_check
x-6745292f,engine_check
Q-1197469B,engine_overheat
y19339480p,engine_check
E-1574398v,engine_check
F-1541843G,engine_check
J-1898029b,engine_check
i-2267354V,break_bug
z-1706928C,engine_overheat
h16480906Q,engine_overheat
b20875811r,engine_overheat
g57509660G,electro_bug
i10233407e,engine_check
b-1633141B,engine_overheat
r44343477P,engine_check
X10140728m,electro_bug
u60678999S,engine_check
X66836862t,engine_overheat
r-2626717n,engine_check
l25990633r,engine_check
o16159959N,engine_overheat
P-8366433v,engine_overheat
D-1742188V,engine_overheat
q15163647k,gear_stick
m-1582917S,engine_check
u15259964F,engine_check
M-1332669r,engine_overheat
F-2033009p,engine_check
w15256527O,engine_overheat
v-2214221g,engine_overheat
u-8176531i,engine_check
B44546931a,gear_stick
C-3329059P,engine_check
z48466812V,electro_bug
N91717170a,electro_bug
h10197943p,electro_bug
f-1804114y,engine_overheat
y65839268d,engine_check
s20690018N,engine_check
Z16406378j,engine_overheat
r-6401544e,engine_check
A74571031O,electro_bug
I-1022513U,electro_bug
M-1528828l,electro_bug
w-5395626f,engine_check
U15424894F,engine_check
X-1521550g,engine_overheat
b-1756095Y,electro_bug
S-4942615g,engine_check
a-1170299l,engine_check
W20898223q,engine_overheat
u13780325P,engine_overheat
q35175771e,engine_check
K81291347a,engine_overheat
G15557106t,engine_check
y21647488o,engine_overheat
O-2154805o,engine_overheat
D11355691L,electro_bug
t60412618s,electro_bug
M15952724y,gear_stick
k24372320c,electro_bug
J16859061o,engine_overheat
M11049568F,engine_overheat
z11525648X,engine_check
u41400760y,engine_overheat
V48666541E,engine_check
t-1305628R,engine_overheat
F20989471t,electro_bug
G19704655v,engine_overheat
h-1084715m,engine_ignition
X13848460A,engine_overheat
H49107775b,engine_check
V-2127600s,electro_bug
M-2221760V,electro_bug
w-2040826k,electro_bug
Z15550264W,engine_check
b-8727186X,electro_bug
g10838650B,engine_check
d19534101p,engine_ignition
j-8523085j,engine_check
Y-2259833v,engine_overheat
y40076926G,electro_bug
m21197630U,engine_overheat
J-9282883I,break_bug
y-1593526o,engine_check
R18548797W,engine_overheat
M78454309n,electro_bug
H-1952766q,break_bug
O-7318695N,engine_check
Z-1382353b,electro_bug
y33995729F,electro_bug
A-1931285c,engine_check
b-4023465w,engine_overheat
y28247093F,engine_check
b-2099867z,engine_overheat
N13810671e,engine_overheat
M-1208274P,engine_check
E94491875l,engine_overheat
p14296940a,engine_check
e-5032325d,engine_overheat
f-2278644T,engine_check
N-1449511Y,engine_overheat
R72473068v,engine_check
K15727484r,engine_fuel
x-1530392k,electro_bug
m14032324U,engine_overheat
o-3502321X,engine_check
M-9369867A,electro_bug
e-1176726O,break_bug
F-8971471f,electro_bug
w16001206y,engine_overheat
T24942626H,gear_stick
Z-9250568A,electro_bug
R20946794F,engine_overheat
y-3708778R,engine_check
d-7461024X,engine_overheat
r-1304067j,engine_overheat
M-1727464u,electro_bug
X12353297J,engine_check
t19399198h,engine_check
a-2221133L,break_bug
n15134422D,engine_fuel
e-1041702t,engine_check
Q-1108615n,break_bug
r67742622z,engine_check
Y77630283F,engine_overheat
I-8740476B,engine_check
f12831819d,engine_check
y-2117938S,engine_overheat
X13552128w,electro_bug
m89915934c,engine_overheat
u12923191V,engine_check
g64040787A,engine_overheat
B53432209f,engine_check
Q18090458O,engine_check
v11087640F,electro_bug
s-1018199L,engine_overheat
T15119744o,engine_check
E-2442116D,electro_bug
l93168360C,engine_check
Q52925581k,electro_bug
k11571129f,engine_check
K18787489X,engine_overheat
i17417440r,engine_overheat
H-9338402M,gear_stick
e18576123A,break_bug
L93331905w,engine_overheat
G18790404J,engine_check
H19063606t,engine_check
A82111385d,electro_bug
l96257336G,engine_check
c31569057o,engine_overheat
O-2283230Y,engine_overheat
B-6097000E,electro_bug
s-8423183t,engine_overheat
p16672632d,engine_fuel
J11698270E,engine_check
G22172959I,engine_overheat
I21909345v,engine_check
m13540768n,engine_check
N-2047707A,engine_ignition
q15473703P,engine_check
b28091206k,engine_check
d-2060227V,engine_overheat
D23788223O,electro_bug
k-1947529W,gear_stick
b-9715554C,electro_bug
q-5271670J,engine_check
u12970971g,engine_overheat
n-6059768d,engine_overheat
L22185348p,engine_overheat
O13331241u,electro_bug
L16141312N,electro_bug
W38697890A,engine_check
u-2120761B,another_bug
c66464279D,engine_fuel
e13156563s,engine_check
T42238184L,engine_check
D-1336442P,break_bug
E-5337479S,gear_stick
X95516419Q,engine_fuel
H-2355000g,electro_bug
s-5301854b,electro_bug
u-2940182P,engine_check
G-9079594w,engine_fuel
Z20606311h,engine_overheat
t-6922750L,break_bug
Q21391218q,engine_check
u12977186v,engine_check
h13802624r,engine_overheat
I-1538597J,another_bug
X11025811v,engine_overheat
S-2294339s,electro_bug
g13118176m,engine_check
S21991071M,engine_check
L10129399Y,engine_overheat
Z13161380J,electro_bug
J-6052671x,another_bug
e11908473n,engine_check
U-1131662Q,engine_check
h54754410l,engine_overheat
w68053735H,engine_check
A31292617m,electro_bug
V45384349q,electro_bug
k-1087627k,engine_check
Q-1888317Y,engine_fuel
Q-1456372K,electro_bug
S19572879o,engine_overheat
j13287780b,engine_check
X-1427883w,engine_check
t12980699M,electro_bug
K-9081250O,engine_check
N96928373A,engine_check
r19349335d,engine_check
D22898421E,engine_check
A-7650056Z,engine_fuel
B-1572757V,engine_check
D11212854M,engine_check
H62136397R,electro_bug
n16749457W,engine_check
c-1411220k,another_bug
g-8950344h,engine_overheat
g28465883Y,engine_overheat
O-3470382z,engine_check
C-7657933N,electro_bug
n-7904705X,electro_bug
E-2002668A,engine_check
E15401424s,engine_overheat
Q-1558145Z,engine_check
j-1474542d,engine_check
J51767292L,electro_bug
M-1609284U,engine_overheat
O32025767k,engine_check
G-4998152Q,electro_bug
d-8684879I,engine_check
c11762411c,engine_overheat
T61957630q,engine_overheat
e-1246632H,engine_check
a96529450S,engine_check
m-1300432a,engine_check
H-1232380o,another_bug
U18643336W,gear_stick
E42133174Y,engine_fuel
N-2173692X,electro_bug
O15299283X,electro_bug
Y11513708Q,engine_overheat
I14426935X,engine_check
L-1576450f,engine_check
L-2066997I,another_bug
g20198311v,engine_overheat
K-1750463c,break_bug
A48818516t,engine_overheat
b12102660G,engine_check
C-1721101w,electro_bug
L21617225g,engine_overheat
y18690561q,gear_stick
Z-2044688T,engine_overheat
w-3300489y,engine_check
o43682483i,gear_stick
p-2177230P,engine_check
d53962651M,electro_bug
h-1079130a,engine_check
d-1063018h,another_bug
e12616376T,engine_overheat
g-1997866b,electro_bug
p22351271i,engine_check
s18801959g,break_bug
W-1146682H,engine_overheat
Y21010106g,engine_fuel
N-1493098E,engine_overheat
a16757494v,engine_check
L31333870v,engine_overheat
O-1116026m,engine_check
a-1327017v,engine_check
J32481265i,engine_fuel
u-7465003y,gear_stick
C-8282660x,engine_check
z-1194508g,engine_overheat
M17131119X,engine_overheat
A16430015I,engine_check
T21560454W,engine_overheat
d-5044364D,engine_check
A-4567027H,engine_check
l14731037p,electro_bug
j21216284z,engine_overheat
w18663416B,electro_bug
N-1067764s,engine_check
a96316507d,electro_bug
Q-2863519f,engine_overheat
R-4412745F,engine_check
w-2100178z,engine_overheat
N12140841u,electro_bug
v-2217035r,electro_bug
j22675199u,engine_check
Y-2060323c,engine_check
H-9946877t,engine_overheat
V24408620j,engine_overheat
D20994817l,engine_overheat
d-5916656a,engine_check
r-1888435Q,electro_bug
s-8011046y,engine_check
l-8338225N,engine_overheat
N17651234L,engine_check
t-1660621F,electro_bug
A-4300243z,electro_bug
Q-1531120K,engine_overheat
b14483061v,engine_check
p13496102g,engine_check
f-3084055k,engine_overheat
b-7106735g,engine_overheat
B-5818398M,gear_stick
k-6134216L,engine_ignition
q-8983496T,engine_check
c21152319h,engine_overheat
u22537189s,engine_check
S42898575W,gear_stick
u-2592615u,electro_bug
U15973213W,engine_overheat
a-1555492o,engine_overheat
T17948597q,engine_check
K-1596430s,electro_bug
t70806905i,engine_check
Q-8927952V,engine_check
b-1699417D,engine_overheat
l-1528999M,engine_fuel
i-1075099j,engine_overheat
g-1203735u,gear_stick
N68342352J,electro_bug
t19684834s,engine_check
P28960538x,engine_check
k70721764Z,engine_overheat
P35164993z,engine_check
v-1084231t,engine_check
P62164543W,engine_overheat
V-1603027E,gear_stick
r-3939023a,engine_check
D-1008484E,engine_overheat
Q-2192864t,engine_check
m97152459x,electro_bug
n79502261g,engine_check
I-1934004o,engine_check
w-8712305w,electro_bug
t19569988O,engine_overheat
w-6743502g,engine_overheat
e17224457A,engine_overheat
N25093826z,engine_check
k53344668C,engine_overheat
c18837598f,engine_overheat
o55235221X,engine_overheat
x83440968Q,engine_check
a-2129214S,break_bug
O16337155M,electro_bug
o-1780770o,engine_check
O-1008421H,electro_bug
a33313854t,engine_check
M45840955U,engine_check
q22701640I,engine_overheat
J-2186173q,engine_check
T-9875021z,engine_check
B16049866X,engine_check
i19613288g,engine_check
P52156891U,engine_check
q-1768505B,engine_check
D-1867285e,another_bug
l-2092770w,engine_overheat
Z15287780R,electro_bug
O18471034K,engine_fuel
p20324322c,engine_check
p-8776685b,break_bug
A12568692Y,electro_bug
G62487539y,engine_check
y-7520188c,engine_ignition
U-3855489z,engine_check
j47796305l,engine_overheat
S-6466908z,engine_check
Z-2472770a,engine_overheat
B72054123K,engine_check
P63973841b,engine_overheat
u95341442h,electro_bug
z-5617263I,engine_overheat
s-1440522g,engine_check
w-1350890O,electro_bug
b-1785569X,engine_check
N17581389s,engine_check
Z-6866329f,engine_overheat
a15357539b,engine_ignition
y-1168665M,break_bug
X-1688379x,engine_overheat
Z73577393A,electro_bug
r-1140095D,engine_ignition
k17692433t,electro_bug
a-2924229p,engine_check
I19994305a,engine_overheat
R16189354h,engine_check
f61508634I,engine_overheat
S56454866u,engine_check
u-2542978x,engine_check
p36642359W,engine_check
z22596029p,engine_check
j13578702a,engine_fuel
m41690051B,engine_overheat
C-1990447o,engine_overheat
f17350995b,engine_check
A13722291q,gear_stick
c-8926473m,gear_stick
R-1161362E,engine_overheat
E-1829228V,gear_stick
f-1106666p,engine_check
B-1345652W,electro_bug
e-3819053E,gear_stick
H12470081t,electro_bug
Y-2395041a,engine_overheat
m-6830168g,electro_bug
n-1048550o,engine_check
p-4620845q,gear_stick
z-1908457z,engine_overheat
r11798594T,electro_bug
n-1078109P,engine_check
g21697086z,engine_check
i-3020701S,electro_bug
B51449710T,engine_check
G17715538Y,gear_stick
d85134463X,electro_bug
M-5383474I,engine_check
u79799419P,engine_check
h20236568A,engine_overheat
Q-1319605b,engine_check
d-1613102p,engine_overheat
S41123157J,engine_ignition
x-1174319N,engine_check
V-1073406u,engine_check
V21379614l,engine_check
z-3747302L,electro_bug
y-2605432W,engine_overheat
g21854185N,electro_bug
E98324062j,electro_bug
Y97110971P,engine_overheat
X-3262812p,engine_overheat
H-1041344f,engine_check
c96102825T,engine_check
F-8514150E,electro_bug
n14484446O,electro_bug
H72378904z,electro_bug
U22558213g,engine_overheat
e-1228757n,electro_bug
L-5297416Y,engine_fuel
j-1143057h,engine_overheat
p-1573015A,break_bug
U65662686c,engine_overheat
S-4820484y,engine_overheat
g-8761468w,engine_check
Q-6145494U,electro_bug
W10708735F,engine_overheat
p17325319H,engine_overheat
F-1510394i,another_bug
C58608888l,engine_check
d-2253716j,engine_check
x16453445a,engine_overheat
I66859230r,engine_overheat
P64817824s,gear_stick
g-1168593W,engine_check
K22750834U,engine_check
I-1242074u,engine_check
F-3351081U,engine_check
F19447831G,electro_bug
s-1689007T,engine_check
k10152000a,engine_overheat
H12617664T,electro_bug
t-1064471J,engine_check
t-2197360k,engine_overheat
d-2120346e,engine_overheat
O-1642949k,electro_bug
Q53125922U,engine_overheat
b-1461155F,electro_bug
Q39818857Y,engine_check
r62935175h,gear_stick
W-6196754y,engine_ignition
g28641563H,engine_check
j11454423o,engine_overheat
F-1666827W,engine_overheat
A21999620z,engine_check
c75592211G,engine_overheat
L-1701832m,engine_overheat
k18648690J,electro_bug
h-1998519z,engine_overheat
U-6212557F,electro_bug
e-2299648Q,engine_check
s-1139976I,engine_overheat
K-8425830Q,engine_check
d22617101F,engine_overheat
D17905231R,break_bug
u13437959M,electro_bug
Z-9946732U,engine_overheat
K-1500884y,break_bug
c-1794298L,another_bug
M15430763y,engine_overheat
p-1264204Z,engine_check
U38299579G,electro_bug
c56523775V,engine_overheat
T38194151F,electro_bug
m-3164602H,engine_overheat
n-1234064Z,engine_overheat
J-1156067J,electro_bug
f-6526492s,engine_overheat
l20269048F,engine_overheat
B98720158A,engine_overheat
C-1753458i,engine_check
x21906434L,engine_overheat
i13542684X,engine_overheat
u-1875498r,electro_bug
X-1879171y,another_bug
t21801419s,engine_check
L21647080y,engine_check
h-5026863d,engine_check
T-3466939S,engine_overheat
m12662735d,gear_stick
t14261623o,engine_overheat
n-2837743g,engine_overheat
e-2154304r,engine_check
N-2215366J,engine_ignition
g-1249815S,engine_overheat
W-1215684E,engine_check
A11461567u,gear_stick
L16034991d,electro_bug
L-2243568g,engine_overheat
U11614816e,engine_check
h-1908691k,engine_check
S-1588766I,engine_check
i-2841469F,engine_check
W12646665I,engine_overheat
P-2897916I,engine_overheat
q-1324803Z,engine_overheat
A-6570552N,engine_check
k-1985555z,engine_check
k13077603E,engine_check
H11107062P,engine_ignition
u-1297698j,engine_check
R23868498r,engine_overheat
N-1923238g,engine_overheat
j-5320438l,electro_bug
M-2097633r,engine_fuel
U52942046Z,engine_overheat
h17001071q,engine_check
R-1401948E,engine_overheat
a-1738562d,electro_bug
R99178335S,electro_bug
t19157053h,engine_check
m14758475e,engine_overheat
B47711748K,electro_bug
t21884438y,engine_check
V-2454314m,gear_stick
Z16920973J,engine_check
b13641719v,electro_bug
X13092819Q,engine_check
r14567820H,engine_fuel
a-1296325M,engine_check
v-1923353f,engine_overheat
P75675086P,engine_overheat
H-2270745P,engine_ignition
f-1963567i,engine_overheat
C19974180h,electro_bug
N39559408S,engine_overheat
P-2227204H,engine_overheat
P13046593R,electro_bug
k72805610d,engine_overheat
N62378224U,electro_bug
j-1956405K,gear_stick
Q-1492285k,engine_overheat
Q11700844e,engine_overheat
E-3042252G,engine_check
q-1872858i,engine_overheat
h-1344515n,engine_overheat
O-1383891v,engine_check
X64881130C,engine_ignition
U19015371f,engine_overheat
R69641219y,engine_check
M25907433E,engine_check
e-1885009l,engine_fuel
l-1959164P,engine_overheat
M-9949056v,electro_bug
d-1302572o,gear_stick
f22323125D,electro_bug
d10736354y,engine_overheat
w-3928877y,engine_overheat
y13551852I,engine_check
p-6352560b,electro_bug
i11460685H,engine_overheat
r44913393N,engine_check
S11426971O,engine_overheat
S-4753227p,engine_overheat
Z-9466103x,engine_check
b86382646t,engine_overheat
T-2294411h,gear_stick
f13646346O,engine_overheat
k12390619M,engine_check
p14822094P,electro_bug
y-1267351r,engine_fuel
r10427446Y,electro_bug
Z21148829c,engine_check
w15143755c,engine_check
s12154911r,engine_check
y76872086H,engine_check
p15590759i,engine_overheat
z-5067315t,electro_bug
H-1836769I,another_bug
f-1042769Z,engine_overheat
f16491132W,engine_check
P21644134e,electro_bug
o67669876a,gear_stick
h-1414900L,electro_bug
i90456198D,engine_check
B-2199737O,engine_ignition
s-5157124G,electro_bug
q20798329k,electro_bug
b-6366825A,electro_bug
o16666830b,engine_check
H-2456490y,electro_bug
p17190552s,engine_check
P22575706L,engine_overheat
W19937723D,electro_bug
p-2060516y,engine_check
x13966371T,engine_overheat
q53435481a,electro_bug
Q-9617805F,gear_stick
N59793228F,electro_bug
M52666824i,electro_bug
T-1009246T,engine_check
f11409987C,engine_check
z-7198780T,engine_overheat
k-7951300Y,engine_check
J19069143E,engine_overheat
b-1597167C,engine_overheat
O-6623929C,engine_overheat
F14674957T,electro_bug
t82296586k,engine_check
Z20453566w,engine_overheat
J82279855E,electro_bug
n-2242535p,engine_check
V-1226312R,engine_check
v-7763664j,engine_overheat
h-1179139J,electro_bug
x13640960Q,engine_overheat
Z-2276652N,engine_overheat
F-2165841B,engine_check
x-1331529J,electro_bug
J-2127749D,electro_bug
